{
  "blocks":
  [
    {
    "name": "White Stained Clay Circle",
    "creativeTab": "CustomItems",
    "textureName": "blockHardenedClayCircleWhite",
    "maxStackSize": 32,
    "isOpaque": true,
    "toolClass": "pickaxe",
    "material": "clay",
    "breaks": false,
    "type": "Normal",
    "stepSound": "stone",
    "hardness": 1.25,
    "resistance": 30,
    "harvestLevel": 0
    },
    {
    "name": "Orange Stained Clay Circle",
    "creativeTab": "CustomItems",
    "textureName": "blockHardenedClayCircleOrange",
    "maxStackSize": 32,
    "isOpaque": true,
    "toolClass": "pickaxe",
    "material": "clay",
    "breaks": false,
    "type": "Normal",
    "stepSound": "stone",
    "hardness": 1.25,
    "resistance": 30,
    "harvestLevel": 0
    },
      {
    "name": "Magenta Stained Clay Circle",
    "creativeTab": "CustomItems",
    "textureName": "blockHardenedClayCircleMagenta",
    "maxStackSize": 32,
    "isOpaque": true,
    "toolClass": "pickaxe",
    "material": "clay",
    "breaks": false,
    "type": "Normal",
    "stepSound": "stone",
    "hardness": 1.25,
    "resistance": 30,
    "harvestLevel": 0
    },
    {
    "name": "Light Blue Stained Clay Circle",
    "creativeTab": "CustomItems",
    "textureName": "blockHardenedClayCircleLightBlue",
    "maxStackSize": 32,
    "isOpaque": true,
    "toolClass": "pickaxe",
    "material": "clay",
    "breaks": false,
    "type": "Normal",
    "stepSound": "stone",
    "hardness": 1.25,
    "resistance": 30,
    "harvestLevel": 0
    },
      {
    "name": "Yellow Stained Clay Circle",
    "creativeTab": "CustomItems",
    "textureName": "blockHardenedClayCircleYellow",
    "maxStackSize": 32,
    "isOpaque": true,
    "toolClass": "pickaxe",
    "material": "clay",
    "breaks": false,
    "type": "Normal",
    "stepSound": "stone",
    "hardness": 1.25,
    "resistance": 30,
    "harvestLevel": 0
    },
    {
    "name": "Lime Stained Clay Circle",
    "creativeTab": "CustomItems",
    "textureName": "blockHardenedClayCircleLime",
    "maxStackSize": 32,
    "isOpaque": true,
    "toolClass": "pickaxe",
    "material": "clay",
    "breaks": false,
    "type": "Normal",
    "stepSound": "stone",
    "hardness": 1.25,
    "resistance": 30,
    "harvestLevel": 0
    },
      {
    "name": "Pink Stained Clay Circle",
    "creativeTab": "CustomItems",
    "textureName": "blockHardenedClayCirclePink",
    "maxStackSize": 32,
    "isOpaque": true,
    "toolClass": "pickaxe",
    "material": "clay",
    "breaks": false,
    "type": "Normal",
    "stepSound": "stone",
    "hardness": 1.25,
    "resistance": 30,
    "harvestLevel": 0
    },
    {
    "name": "Gray Stained Clay Circle",
    "creativeTab": "CustomItems",
    "textureName": "blockHardenedClayCircleGray",
    "maxStackSize": 32,
    "isOpaque": true,
    "toolClass": "pickaxe",
    "material": "clay",
    "breaks": false,
    "type": "Normal",
    "stepSound": "stone",
    "hardness": 1.25,
    "resistance": 30,
    "harvestLevel": 0
    },
      {
    "name": "Light Gray Stained Clay Circle",
    "creativeTab": "CustomItems",
    "textureName": "blockHardenedClayCircleSilver",
    "maxStackSize": 32,
    "isOpaque": true,
    "toolClass": "pickaxe",
    "material": "clay",
    "breaks": false,
    "type": "Normal",
    "stepSound": "stone",
    "hardness": 1.25,
    "resistance": 30,
    "harvestLevel": 0
    },
    {
    "name": "Cyan Stained Clay Circle",
    "creativeTab": "CustomItems",
    "textureName": "blockHardenedClayCircleCyan",
    "maxStackSize": 32,
    "isOpaque": true,
    "toolClass": "pickaxe",
    "material": "clay",
    "breaks": false,
    "type": "Normal",
    "stepSound": "stone",
    "hardness": 1.25,
    "resistance": 30,
    "harvestLevel": 0
    },
      {
    "name": "Purple Stained Clay Circle",
    "creativeTab": "CustomItems",
    "textureName": "blockHardenedClayCirclePurple",
    "maxStackSize": 32,
    "isOpaque": true,
    "toolClass": "pickaxe",
    "material": "clay",
    "breaks": false,
    "type": "Normal",
    "stepSound": "stone",
    "hardness": 1.25,
    "resistance": 30,
    "harvestLevel": 0
    },
    {
    "name": "Blue Stained Clay Circle",
    "creativeTab": "CustomItems",
    "textureName": "blockHardenedClayCircleBlue",
    "maxStackSize": 32,
    "isOpaque": true,
    "toolClass": "pickaxe",
    "material": "clay",
    "breaks": false,
    "type": "Normal",
    "stepSound": "stone",
    "hardness": 1.25,
    "resistance": 30,
    "harvestLevel": 0
    },
      {
    "name": "Brown Stained Clay Circle",
    "creativeTab": "CustomItems",
    "textureName": "blockHardenedClayCircleBrown",
    "maxStackSize": 32,
    "isOpaque": true,
    "toolClass": "pickaxe",
    "material": "clay",
    "breaks": false,
    "type": "Normal",
    "stepSound": "stone",
    "hardness": 1.25,
    "resistance": 30,
    "harvestLevel": 0
    },
    {
    "name": "Green Stained Clay Circle",
    "creativeTab": "CustomItems",
    "textureName": "blockHardenedClayCircleGreen",
    "maxStackSize": 32,
    "isOpaque": true,
    "toolClass": "pickaxe",
    "material": "clay",
    "breaks": false,
    "type": "Normal",
    "stepSound": "stone",
    "hardness": 1.25,
    "resistance": 30,
    "harvestLevel": 0
    },
      {
    "name": "Red Stained Clay Circle",
    "creativeTab": "CustomItems",
    "textureName": "blockHardenedClayCircleRed",
    "maxStackSize": 32,
    "isOpaque": true,
    "toolClass": "pickaxe",
    "material": "clay",
    "breaks": false,
    "type": "Normal",
    "stepSound": "stone",
    "hardness": 1.25,
    "resistance": 30,
    "harvestLevel": 0
    },
    {
    "name": "Black Stained Clay Circle",
    "creativeTab": "CustomItems",
    "textureName": "blockHardenedClayCircleBlack",
    "maxStackSize": 32,
    "isOpaque": true,
    "toolClass": "pickaxe",
    "material": "clay",
    "breaks": false,
    "type": "Normal",
    "stepSound": "stone",
    "hardness": 1.25,
    "resistance": 30,
    "harvestLevel": 0
    },
    {
    "name": "Hardened Clay Circle",
    "creativeTab": "CustomItems",
    "textureName": "blockHardenedClayCircle",
    "maxStackSize": 32,
    "isOpaque": true,
    "toolClass": "pickaxe",
    "material": "clay",
    "breaks": false,
    "type": "Normal",
    "stepSound": "stone",
    "hardness": 1.25,
    "resistance": 30,
    "harvestLevel": 0
    }
  ]
}