{
  "blocks":
  [
    {
    "name": "White Stained Clay Brick",
    "creativeTab": "CustomItems",
    "textureName": "blockHardenedClayBrickWhite",
    "maxStackSize": 32,
    "isOpaque": true,
    "toolClass": "pickaxe",
    "material": "clay",
    "breaks": false,
    "type": "Normal",
    "stepSound": "stone",
    "hardness": 1.25,
    "resistance": 30,
    "harvestLevel": 0
    },
    {
    "name": "Orange Stained Clay Brick",
    "creativeTab": "CustomItems",
    "textureName": "blockHardenedClayBrickOrange",
    "maxStackSize": 32,
    "isOpaque": true,
    "toolClass": "pickaxe",
    "material": "clay",
    "breaks": false,
    "type": "Normal",
    "stepSound": "stone",
    "hardness": 1.25,
    "resistance": 30,
    "harvestLevel": 0
    },
      {
    "name": "Magenta Stained Clay Brick",
    "creativeTab": "CustomItems",
    "textureName": "blockHardenedClayBrickMagenta",
    "maxStackSize": 32,
    "isOpaque": true,
    "toolClass": "pickaxe",
    "material": "clay",
    "breaks": false,
    "type": "Normal",
    "stepSound": "stone",
    "hardness": 1.25,
    "resistance": 30,
    "harvestLevel": 0
    },
    {
    "name": "Light Blue Stained Clay Brick",
    "creativeTab": "CustomItems",
    "textureName": "blockHardenedClayBrickLightBlue",
    "maxStackSize": 32,
    "isOpaque": true,
    "toolClass": "pickaxe",
    "material": "clay",
    "breaks": false,
    "type": "Normal",
    "stepSound": "stone",
    "hardness": 1.25,
    "resistance": 30,
    "harvestLevel": 0
    },
      {
    "name": "Yellow Stained Clay Brick",
    "creativeTab": "CustomItems",
    "textureName": "blockHardenedClayBrickYellow",
    "maxStackSize": 32,
    "isOpaque": true,
    "toolClass": "pickaxe",
    "material": "clay",
    "breaks": false,
    "type": "Normal",
    "stepSound": "stone",
    "hardness": 1.25,
    "resistance": 30,
    "harvestLevel": 0
    },
    {
    "name": "Lime Stained Clay Brick",
    "creativeTab": "CustomItems",
    "textureName": "blockHardenedClayBrickLime",
    "maxStackSize": 32,
    "isOpaque": true,
    "toolClass": "pickaxe",
    "material": "clay",
    "breaks": false,
    "type": "Normal",
    "stepSound": "stone",
    "hardness": 1.25,
    "resistance": 30,
    "harvestLevel": 0
    },
      {
    "name": "Pink Stained Clay Brick",
    "creativeTab": "CustomItems",
    "textureName": "blockHardenedClayBrickPink",
    "maxStackSize": 32,
    "isOpaque": true,
    "toolClass": "pickaxe",
    "material": "clay",
    "breaks": false,
    "type": "Normal",
    "stepSound": "stone",
    "hardness": 1.25,
    "resistance": 30,
    "harvestLevel": 0
    },
    {
    "name": "Gray Stained Clay Brick",
    "creativeTab": "CustomItems",
    "textureName": "blockHardenedClayBrickGray",
    "maxStackSize": 32,
    "isOpaque": true,
    "toolClass": "pickaxe",
    "material": "clay",
    "breaks": false,
    "type": "Normal",
    "stepSound": "stone",
    "hardness": 1.25,
    "resistance": 30,
    "harvestLevel": 0
    },
      {
    "name": "Light Gray Stained Clay Brick",
    "creativeTab": "CustomItems",
    "textureName": "blockHardenedClayBrickSilver",
    "maxStackSize": 32,
    "isOpaque": true,
    "toolClass": "pickaxe",
    "material": "clay",
    "breaks": false,
    "type": "Normal",
    "stepSound": "stone",
    "hardness": 1.25,
    "resistance": 30,
    "harvestLevel": 0
    },
    {
    "name": "Cyan Stained Clay Brick",
    "creativeTab": "CustomItems",
    "textureName": "blockHardenedClayBrickCyan",
    "maxStackSize": 32,
    "isOpaque": true,
    "toolClass": "pickaxe",
    "material": "clay",
    "breaks": false,
    "type": "Normal",
    "stepSound": "stone",
    "hardness": 1.25,
    "resistance": 30,
    "harvestLevel": 0
    },
      {
    "name": "Purple Stained Clay Brick",
    "creativeTab": "CustomItems",
    "textureName": "blockHardenedClayBrickPurple",
    "maxStackSize": 32,
    "isOpaque": true,
    "toolClass": "pickaxe",
    "material": "clay",
    "breaks": false,
    "type": "Normal",
    "stepSound": "stone",
    "hardness": 1.25,
    "resistance": 30,
    "harvestLevel": 0
    },
    {
    "name": "Blue Stained Clay Brick",
    "creativeTab": "CustomItems",
    "textureName": "blockHardenedClayBrickBlue",
    "maxStackSize": 32,
    "isOpaque": true,
    "toolClass": "pickaxe",
    "material": "clay",
    "breaks": false,
    "type": "Normal",
    "stepSound": "stone",
    "hardness": 1.25,
    "resistance": 30,
    "harvestLevel": 0
    },
      {
    "name": "Brown Stained Clay Brick",
    "creativeTab": "CustomItems",
    "textureName": "blockHardenedClayBrickBrown",
    "maxStackSize": 32,
    "isOpaque": true,
    "toolClass": "pickaxe",
    "material": "clay",
    "breaks": false,
    "type": "Normal",
    "stepSound": "stone",
    "hardness": 1.25,
    "resistance": 30,
    "harvestLevel": 0
    },
    {
    "name": "Green Stained Clay Brick",
    "creativeTab": "CustomItems",
    "textureName": "blockHardenedClayBrickGreen",
    "maxStackSize": 32,
    "isOpaque": true,
    "toolClass": "pickaxe",
    "material": "clay",
    "breaks": false,
    "type": "Normal",
    "stepSound": "stone",
    "hardness": 1.25,
    "resistance": 30,
    "harvestLevel": 0
    },
      {
    "name": "Red Stained Clay Brick",
    "creativeTab": "CustomItems",
    "textureName": "blockHardenedClayBrickRed",
    "maxStackSize": 32,
    "isOpaque": true,
    "toolClass": "pickaxe",
    "material": "clay",
    "breaks": false,
    "type": "Normal",
    "stepSound": "stone",
    "hardness": 1.25,
    "resistance": 30,
    "harvestLevel": 0
    },
    {
    "name": "Black Stained Clay Brick",
    "creativeTab": "CustomItems",
    "textureName": "blockHardenedClayBrickBlack",
    "maxStackSize": 32,
    "isOpaque": true,
    "toolClass": "pickaxe",
    "material": "clay",
    "breaks": false,
    "type": "Normal",
    "stepSound": "stone",
    "hardness": 1.25,
    "resistance": 30,
    "harvestLevel": 0
    },
    {
    "name": "Hardened Clay Brick",
    "creativeTab": "CustomItems",
    "textureName": "blockHardenedClayBrick",
    "maxStackSize": 32,
    "isOpaque": true,
    "toolClass": "pickaxe",
    "material": "clay",
    "breaks": false,
    "type": "Normal",
    "stepSound": "stone",
    "hardness": 1.25,
    "resistance": 30,
    "harvestLevel": 0
    }
  ]
}