{
  "blocks":
  [
    {
    "name": "Andesite Tile Stairs",
    "creativeTab": "CustomItems",
    "maxStackSize": 32,
    "isOpaque": true,
    "toolClass": "pickaxe",
    "material": "rock",
    "breaks": false,
    "type": "Stairs",
    "stepSound": "stone",
    "hardness": 6,
    "resistance": 40,
    "harvestLevel": 0,
    "textureName": "blockAndesiteTile"
    },
      {
    "name": "Basalt Tile Stairs",
    "creativeTab": "CustomItems",
    "maxStackSize": 32,
    "isOpaque": true,
    "toolClass": "pickaxe",
    "material": "rock",
    "breaks": false,
    "type": "Stairs",
    "stepSound": "stone",
    "hardness": 6,
    "resistance": 40,
    "harvestLevel": 0,
    "textureName": "blockBasaltTile"
    },
    {
    "name": "Chalk Tile Stairs",
    "creativeTab": "CustomItems",
    "maxStackSize": 32,
    "isOpaque": true,
    "toolClass": "pickaxe",
    "material": "rock",
    "breaks": false,
    "type": "Stairs",
    "stepSound": "stone",
    "hardness": 6,
    "resistance": 40,
    "harvestLevel": 0,
    "textureName": "blockChalkTile"
    },
      {
    "name": "Chert Tile Stairs",
    "creativeTab": "CustomItems",
    "maxStackSize": 32,
    "isOpaque": true,
    "toolClass": "pickaxe",
    "material": "rock",
    "breaks": false,
    "type": "Stairs",
    "stepSound": "stone",
    "hardness": 6,
    "resistance": 40,
    "harvestLevel": 0,
    "textureName": "blockChertTile"
    },
    {
    "name": "Claystone Tile Stairs",
    "creativeTab": "CustomItems",
    "maxStackSize": 32,
    "isOpaque": true,
    "toolClass": "pickaxe",
    "material": "rock",
    "breaks": false,
    "type": "Stairs",
    "stepSound": "stone",
    "hardness": 6,
    "resistance": 40,
    "harvestLevel": 0,
    "textureName": "blockClaystoneTile"
    },
      {
    "name": "Conglomerate Tile Stairs",
    "creativeTab": "CustomItems",
    "maxStackSize": 32,
    "isOpaque": true,
    "toolClass": "pickaxe",
    "material": "rock",
    "breaks": false,
    "type": "Stairs",
    "stepSound": "stone",
    "hardness": 6,
    "resistance": 40,
    "harvestLevel": 0,
    "textureName": "blockConglomerateTile"
    },
    {
    "name": "Dacite Tile Stairs",
    "creativeTab": "CustomItems",
    "maxStackSize": 32,
    "isOpaque": true,
    "toolClass": "pickaxe",
    "material": "rock",
    "breaks": false,
    "type": "Stairs",
    "stepSound": "stone",
    "hardness": 6,
    "resistance": 40,
    "harvestLevel": 0,
    "textureName": "blockDaciteTile"
    },
      {
    "name": "Diorite Tile Stairs",
    "creativeTab": "CustomItems",
    "maxStackSize": 32,
    "isOpaque": true,
    "toolClass": "pickaxe",
    "material": "rock",
    "breaks": false,
    "type": "Stairs",
    "stepSound": "stone",
    "hardness": 6,
    "resistance": 40,
    "harvestLevel": 0,
    "textureName": "blockDioriteTile"
    },
    {
    "name": "Dolomite Tile Stairs",
    "creativeTab": "CustomItems",
    "maxStackSize": 32,
    "isOpaque": true,
    "toolClass": "pickaxe",
    "material": "rock",
    "breaks": false,
    "type": "Stairs",
    "stepSound": "stone",
    "hardness": 6,
    "resistance": 40,
    "harvestLevel": 0,
    "textureName": "blockDolomiteTile"
    },
      {
    "name": "Gabbro Tile Stairs",
    "creativeTab": "CustomItems",
    "maxStackSize": 32,
    "isOpaque": true,
    "toolClass": "pickaxe",
    "material": "rock",
    "breaks": false,
    "type": "Stairs",
    "stepSound": "stone",
    "hardness": 6,
    "resistance": 40,
    "harvestLevel": 0,
    "textureName": "blockGabbroTile"
    },
    {
    "name": "Gneiss Tile Stairs",
    "creativeTab": "CustomItems",
    "maxStackSize": 32,
    "isOpaque": true,
    "toolClass": "pickaxe",
    "material": "rock",
    "breaks": false,
    "type": "Stairs",
    "stepSound": "stone",
    "hardness": 6,
    "resistance": 40,
    "harvestLevel": 0,
    "textureName": "blockGneissTile"
    },
      {
    "name": "Granite Tile Stairs",
    "creativeTab": "CustomItems",
    "maxStackSize": 32,
    "isOpaque": true,
    "toolClass": "pickaxe",
    "material": "rock",
    "breaks": false,
    "type": "Stairs",
    "stepSound": "stone",
    "hardness": 6,
    "resistance": 40,
    "harvestLevel": 0,
    "textureName": "blockGraniteTile"
    },
      {
    "name": "Limestone Tile Stairs",
    "creativeTab": "CustomItems",
    "maxStackSize": 32,
    "isOpaque": true,
    "toolClass": "pickaxe",
    "material": "rock",
    "breaks": false,
    "type": "Stairs",
    "stepSound": "stone",
    "hardness": 6,
    "resistance": 40,
    "harvestLevel": 0,
    "textureName": "blockLimestoneTile"
    },
    {
    "name": "Marble Tile Stairs",
    "creativeTab": "CustomItems",
    "maxStackSize": 32,
    "isOpaque": true,
    "toolClass": "pickaxe",
    "material": "rock",
    "breaks": false,
    "type": "Stairs",
    "stepSound": "stone",
    "hardness": 6,
    "resistance": 40,
    "harvestLevel": 0,
    "textureName": "blockMarbleTile"
    },
    {
    "name": "Phyllite Tile Stairs",
    "creativeTab": "CustomItems",
    "maxStackSize": 32,
    "isOpaque": true,
    "toolClass": "pickaxe",
    "material": "rock",
    "breaks": false,
    "type": "Stairs",
    "stepSound": "stone",
    "hardness": 6,
    "resistance": 40,
    "harvestLevel": 0,
    "textureName": "blockPhylliteTile"
    },
{
    "name": "Quartzite Tile Stairs",
    "creativeTab": "CustomItems",
    "maxStackSize": 32,
    "isOpaque": true,
    "toolClass": "pickaxe",
    "material": "rock",
    "breaks": false,
    "type": "Stairs",
    "stepSound": "stone",
    "hardness": 6,
    "resistance": 40,
    "harvestLevel": 0,
    "textureName": "blockQuartziteTile"
    },
{
    "name": "Rhyolite Tile Stairs",
    "creativeTab": "CustomItems",
    "maxStackSize": 32,
    "isOpaque": true,
    "toolClass": "pickaxe",
    "material": "rock",
    "breaks": false,
    "type": "Stairs",
    "stepSound": "stone",
    "hardness": 6,
    "resistance": 40,
    "harvestLevel": 0,
    "textureName": "blockRhyoliteTile"
    },
{
    "name": "Rock Salt Tile Stairs",
    "creativeTab": "CustomItems",
    "maxStackSize": 32,
    "isOpaque": true,
    "toolClass": "pickaxe",
    "material": "rock",
    "breaks": false,
    "type": "Stairs",
    "stepSound": "stone",
    "hardness": 6,
    "resistance": 40,
    "harvestLevel": 0,
    "textureName": "blockRockSaltTile"
    },
{
    "name": "Schist Tile Stairs",
    "creativeTab": "CustomItems",
    "maxStackSize": 32,
    "isOpaque": true,
    "toolClass": "pickaxe",
    "material": "rock",
    "breaks": false,
    "type": "Stairs",
    "stepSound": "stone",
    "hardness": 6,
    "resistance": 40,
    "harvestLevel": 0,
    "textureName": "blockSchistTile"
    },
{
    "name": "Shale Tile Stairs",
    "creativeTab": "CustomItems",
    "maxStackSize": 32,
    "isOpaque": true,
    "toolClass": "pickaxe",
    "material": "rock",
    "breaks": false,
    "type": "Stairs",
    "stepSound": "stone",
    "hardness": 6,
    "resistance": 40,
    "harvestLevel": 0,
    "textureName": "blockShaleTile"
    },
{
    "name": "Slate Tile Stairs",
    "creativeTab": "CustomItems",
    "maxStackSize": 32,
    "isOpaque": true,
    "toolClass": "pickaxe",
    "material": "rock",
    "breaks": false,
    "type": "Stairs",
    "stepSound": "stone",
    "hardness": 6,
    "resistance": 40,
    "harvestLevel": 0,
    "textureName": "blockSlateTile"
    }
  ]
}