{
  "_name": "bearTFC",
  "drops": [
    {
      "function": "if_recently_hit",
      "functions": [
        {
          "function": "add",
          "count": 0.1,
          "id": "ImmersiveEngineering:shaderBag",
          "item_stats": [
            {
              "function": "nbt",
              "tags": [
                {
                  "name": "rarity",
                  "function": "string",
                  "value": "rare"
                }
              ]
            }
          ]
        }
      ]
    }
  ],
  "pre_stats": [],
  "stats": [
    {
      "_comment": "Stat Changes",
      "function": "all",
      "functions": [
        {
          "_comment": "Range",
          "function": "modifier",
          "attribute": "generic.followRange",
          "value": 24,
          "override": true
        }
      ]
    }
  ]
}