{
  "_name": "creeperTFC",
  "drops": [ 
    {
      "_comment": "makes drop glowstone",
      
      "function": "if_past_world_time_4319910",
      "functions": [
        {
          "function": "if_below_60",
          "functions": [
            {
              "function": "add",
              "count": 0.1,
              "id": "ImmersiveEngineering:shaderBag",
              "item_stats": [
                {
                  "function": "nbt",
                  "tags": [
                    {
                      "name": "rarity",
                      "function": "string",
                      "value": "uncommon"
                    }
                  ]
                }
              ]
            }
          ]
        },
        {
          "_comment": "add glowstone_dust drop",
          "function": "if_can_see_sky",
          "functions": [
          {
            "function": "if_recently_hit",
            "functions": [
            {
              "function": "add",
              "id": "minecraft:glowstone_dust",
              "count": 0.1
            },
            {
              "function": "add",
              "id": "minecraft:glowstone_dust",
              "count": 0.03
            }
            ]
          }  
          ]
        }
        
      ]
    }
  ],
  "pre_stats": [],
  "stats": []
}