{
  "blocks":
  [
    {
    "name": "Andesite Circle",
    "creativeTab": "CustomItems",
    "maxStackSize": 32,
    "isOpaque": true,
    "toolClass": "pickaxe",
    "material": "rock",
    "breaks": false,
    "type": "Normal",
    "stepSound": "stone",
    "hardness": 6,
    "resistance": 40,
    "harvestLevel": 0,
    "textureName": "blockAndesiteCircle"
    },
      {
    "name": "Basalt Circle",
    "creativeTab": "CustomItems",
    "maxStackSize": 32,
    "isOpaque": true,
    "toolClass": "pickaxe",
    "material": "rock",
    "breaks": false,
    "type": "Normal",
    "stepSound": "stone",
    "hardness": 6,
    "resistance": 40,
    "harvestLevel": 0,
    "textureName": "blockBasaltCircle"
    },
    {
    "name": "Chalk Circle",
    "creativeTab": "CustomItems",
    "maxStackSize": 32,
    "isOpaque": true,
    "toolClass": "pickaxe",
    "material": "rock",
    "breaks": false,
    "type": "Normal",
    "stepSound": "stone",
    "hardness": 6,
    "resistance": 40,
    "harvestLevel": 0,
    "textureName": "blockChalkCircle"
    },
      {
    "name": "Chert Circle",
    "creativeTab": "CustomItems",
    "maxStackSize": 32,
    "isOpaque": true,
    "toolClass": "pickaxe",
    "material": "rock",
    "breaks": false,
    "type": "Normal",
    "stepSound": "stone",
    "hardness": 6,
    "resistance": 40,
    "harvestLevel": 0,
    "textureName": "blockChertCircle"
    },
    {
    "name": "Claystone Circle",
    "creativeTab": "CustomItems",
    "maxStackSize": 32,
    "isOpaque": true,
    "toolClass": "pickaxe",
    "material": "rock",
    "breaks": false,
    "type": "Normal",
    "stepSound": "stone",
    "hardness": 6,
    "resistance": 40,
    "harvestLevel": 0,
    "textureName": "blockClaystoneCircle"
    },
      {
    "name": "Conglomerate Circle",
    "creativeTab": "CustomItems",
    "maxStackSize": 32,
    "isOpaque": true,
    "toolClass": "pickaxe",
    "material": "rock",
    "breaks": false,
    "type": "Normal",
    "stepSound": "stone",
    "hardness": 6,
    "resistance": 40,
    "harvestLevel": 0,
    "textureName": "blockConglomerateCircle"
    },
    {
    "name": "Dacite Circle",
    "creativeTab": "CustomItems",
    "maxStackSize": 32,
    "isOpaque": true,
    "toolClass": "pickaxe",
    "material": "rock",
    "breaks": false,
    "type": "Normal",
    "stepSound": "stone",
    "hardness": 6,
    "resistance": 40,
    "harvestLevel": 0,
    "textureName": "blockDaciteCircle"
    },
      {
    "name": "Diorite Circle",
    "creativeTab": "CustomItems",
    "maxStackSize": 32,
    "isOpaque": true,
    "toolClass": "pickaxe",
    "material": "rock",
    "breaks": false,
    "type": "Normal",
    "stepSound": "stone",
    "hardness": 6,
    "resistance": 40,
    "harvestLevel": 0,
    "textureName": "blockDioriteCircle"
    },
    {
    "name": "Dolomite Circle",
    "creativeTab": "CustomItems",
    "maxStackSize": 32,
    "isOpaque": true,
    "toolClass": "pickaxe",
    "material": "rock",
    "breaks": false,
    "type": "Normal",
    "stepSound": "stone",
    "hardness": 6,
    "resistance": 40,
    "harvestLevel": 0,
    "textureName": "blockDolomiteCircle"
    },
      {
    "name": "Gabbro Circle",
    "creativeTab": "CustomItems",
    "maxStackSize": 32,
    "isOpaque": true,
    "toolClass": "pickaxe",
    "material": "rock",
    "breaks": false,
    "type": "Normal",
    "stepSound": "stone",
    "hardness": 6,
    "resistance": 40,
    "harvestLevel": 0,
    "textureName": "blockGabbroCircle"
    },
    {
    "name": "Gneiss Circle",
    "creativeTab": "CustomItems",
    "maxStackSize": 32,
    "isOpaque": true,
    "toolClass": "pickaxe",
    "material": "rock",
    "breaks": false,
    "type": "Normal",
    "stepSound": "stone",
    "hardness": 6,
    "resistance": 40,
    "harvestLevel": 0,
    "textureName": "blockGneissCircle"
    },
      {
    "name": "Granite Circle",
    "creativeTab": "CustomItems",
    "maxStackSize": 32,
    "isOpaque": true,
    "toolClass": "pickaxe",
    "material": "rock",
    "breaks": false,
    "type": "Normal",
    "stepSound": "stone",
    "hardness": 6,
    "resistance": 40,
    "harvestLevel": 0,
    "textureName": "blockGraniteCircle"
    },
      {
    "name": "Limestone Circle",
    "creativeTab": "CustomItems",
    "maxStackSize": 32,
    "isOpaque": true,
    "toolClass": "pickaxe",
    "material": "rock",
    "breaks": false,
    "type": "Normal",
    "stepSound": "stone",
    "hardness": 6,
    "resistance": 40,
    "harvestLevel": 0,
    "textureName": "blockLimestoneCircle"
    },
    {
    "name": "Marble Circle",
    "creativeTab": "CustomItems",
    "maxStackSize": 32,
    "isOpaque": true,
    "toolClass": "pickaxe",
    "material": "rock",
    "breaks": false,
    "type": "Normal",
    "stepSound": "stone",
    "hardness": 6,
    "resistance": 40,
    "harvestLevel": 0,
    "textureName": "blockMarbleCircle"
    },
    {
    "name": "Phyllite Circle",
    "creativeTab": "CustomItems",
    "maxStackSize": 32,
    "isOpaque": true,
    "toolClass": "pickaxe",
    "material": "rock",
    "breaks": false,
    "type": "Normal",
    "stepSound": "stone",
    "hardness": 6,
    "resistance": 40,
    "harvestLevel": 0,
    "textureName": "blockPhylliteCircle"
    },
{
    "name": "Quartzite Circle",
    "creativeTab": "CustomItems",
    "maxStackSize": 32,
    "isOpaque": true,
    "toolClass": "pickaxe",
    "material": "rock",
    "breaks": false,
    "type": "Normal",
    "stepSound": "stone",
    "hardness": 6,
    "resistance": 40,
    "harvestLevel": 0,
    "textureName": "blockQuartziteCircle"
    },
{
    "name": "Rhyolite Circle",
    "creativeTab": "CustomItems",
    "maxStackSize": 32,
    "isOpaque": true,
    "toolClass": "pickaxe",
    "material": "rock",
    "breaks": false,
    "type": "Normal",
    "stepSound": "stone",
    "hardness": 6,
    "resistance": 40,
    "harvestLevel": 0,
    "textureName": "blockRhyoliteCircle"
    },
{
    "name": "Rock Salt Circle",
    "creativeTab": "CustomItems",
    "maxStackSize": 32,
    "isOpaque": true,
    "toolClass": "pickaxe",
    "material": "rock",
    "breaks": false,
    "type": "Normal",
    "stepSound": "stone",
    "hardness": 6,
    "resistance": 40,
    "harvestLevel": 0,
    "textureName": "blockRockSaltCircle"
    },
{
    "name": "Schist Circle",
    "creativeTab": "CustomItems",
    "maxStackSize": 32,
    "isOpaque": true,
    "toolClass": "pickaxe",
    "material": "rock",
    "breaks": false,
    "type": "Normal",
    "stepSound": "stone",
    "hardness": 6,
    "resistance": 40,
    "harvestLevel": 0,
    "textureName": "blockSchistCircle"
    },
{
    "name": "Shale Circle",
    "creativeTab": "CustomItems",
    "maxStackSize": 32,
    "isOpaque": true,
    "toolClass": "pickaxe",
    "material": "rock",
    "breaks": false,
    "type": "Normal",
    "stepSound": "stone",
    "hardness": 6,
    "resistance": 40,
    "harvestLevel": 0,
    "textureName": "blockShaleCircle"
    },
{
    "name": "Slate Circle",
    "creativeTab": "CustomItems",
    "maxStackSize": 32,
    "isOpaque": true,
    "toolClass": "pickaxe",
    "material": "rock",
    "breaks": false,
    "type": "Normal",
    "stepSound": "stone",
    "hardness": 6,
    "resistance": 40,
    "harvestLevel": 0,
    "textureName": "blockSlateCircle"
    }
  ]
}