{
  "blocks":
  [
    {
    "name": "Andesite Tile Slab",
    "creativeTab": "CustomItems",
    "maxStackSize": 32,
    "isOpaque": true,
    "toolClass": "pickaxe",
    "material": "rock",
    "breaks": false,
    "type": "Slab",
    "stepSound": "stone",
    "hardness": 6,
    "resistance": 40,
    "harvestLevel": 0,
    "textureName": "blockAndesiteTile"
    },
      {
    "name": "Basalt Tile Slab",
    "creativeTab": "CustomItems",
    "maxStackSize": 32,
    "isOpaque": true,
    "toolClass": "pickaxe",
    "material": "rock",
    "breaks": false,
    "type": "Slab",
    "stepSound": "stone",
    "hardness": 6,
    "resistance": 40,
    "harvestLevel": 0,
    "textureName": "blockBasaltTile"
    },
    {
    "name": "Chalk Tile Slab",
    "creativeTab": "CustomItems",
    "maxStackSize": 32,
    "isOpaque": true,
    "toolClass": "pickaxe",
    "material": "rock",
    "breaks": false,
    "type": "Slab",
    "stepSound": "stone",
    "hardness": 6,
    "resistance": 40,
    "harvestLevel": 0,
    "textureName": "blockChalkTile"
    },
      {
    "name": "Chert Tile Slab",
    "creativeTab": "CustomItems",
    "maxStackSize": 32,
    "isOpaque": true,
    "toolClass": "pickaxe",
    "material": "rock",
    "breaks": false,
    "type": "Slab",
    "stepSound": "stone",
    "hardness": 6,
    "resistance": 40,
    "harvestLevel": 0,
    "textureName": "blockChertTile"
    },
    {
    "name": "Claystone Tile Slab",
    "creativeTab": "CustomItems",
    "maxStackSize": 32,
    "isOpaque": true,
    "toolClass": "pickaxe",
    "material": "rock",
    "breaks": false,
    "type": "Slab",
    "stepSound": "stone",
    "hardness": 6,
    "resistance": 40,
    "harvestLevel": 0,
    "textureName": "blockClaystoneTile"
    },
      {
    "name": "Conglomerate Tile Slab",
    "creativeTab": "CustomItems",
    "maxStackSize": 32,
    "isOpaque": true,
    "toolClass": "pickaxe",
    "material": "rock",
    "breaks": false,
    "type": "Slab",
    "stepSound": "stone",
    "hardness": 6,
    "resistance": 40,
    "harvestLevel": 0,
    "textureName": "blockConglomerateTile"
    },
    {
    "name": "Dacite Tile Slab",
    "creativeTab": "CustomItems",
    "maxStackSize": 32,
    "isOpaque": true,
    "toolClass": "pickaxe",
    "material": "rock",
    "breaks": false,
    "type": "Slab",
    "stepSound": "stone",
    "hardness": 6,
    "resistance": 40,
    "harvestLevel": 0,
    "textureName": "blockDaciteTile"
    },
      {
    "name": "Diorite Tile Slab",
    "creativeTab": "CustomItems",
    "maxStackSize": 32,
    "isOpaque": true,
    "toolClass": "pickaxe",
    "material": "rock",
    "breaks": false,
    "type": "Slab",
    "stepSound": "stone",
    "hardness": 6,
    "resistance": 40,
    "harvestLevel": 0,
    "textureName": "blockDioriteTile"
    },
    {
    "name": "Dolomite Tile Slab",
    "creativeTab": "CustomItems",
    "maxStackSize": 32,
    "isOpaque": true,
    "toolClass": "pickaxe",
    "material": "rock",
    "breaks": false,
    "type": "Slab",
    "stepSound": "stone",
    "hardness": 6,
    "resistance": 40,
    "harvestLevel": 0,
    "textureName": "blockDolomiteTile"
    },
      {
    "name": "Gabbro Tile Slab",
    "creativeTab": "CustomItems",
    "maxStackSize": 32,
    "isOpaque": true,
    "toolClass": "pickaxe",
    "material": "rock",
    "breaks": false,
    "type": "Slab",
    "stepSound": "stone",
    "hardness": 6,
    "resistance": 40,
    "harvestLevel": 0,
    "textureName": "blockGabbroTile"
    },
    {
    "name": "Gneiss Tile Slab",
    "creativeTab": "CustomItems",
    "maxStackSize": 32,
    "isOpaque": true,
    "toolClass": "pickaxe",
    "material": "rock",
    "breaks": false,
    "type": "Slab",
    "stepSound": "stone",
    "hardness": 6,
    "resistance": 40,
    "harvestLevel": 0,
    "textureName": "blockGneissTile"
    },
      {
    "name": "Granite Tile Slab",
    "creativeTab": "CustomItems",
    "maxStackSize": 32,
    "isOpaque": true,
    "toolClass": "pickaxe",
    "material": "rock",
    "breaks": false,
    "type": "Slab",
    "stepSound": "stone",
    "hardness": 6,
    "resistance": 40,
    "harvestLevel": 0,
    "textureName": "blockGraniteTile"
    },
      {
    "name": "Limestone Tile Slab",
    "creativeTab": "CustomItems",
    "maxStackSize": 32,
    "isOpaque": true,
    "toolClass": "pickaxe",
    "material": "rock",
    "breaks": false,
    "type": "Slab",
    "stepSound": "stone",
    "hardness": 6,
    "resistance": 40,
    "harvestLevel": 0,
    "textureName": "blockLimestoneTile"
    },
    {
    "name": "Marble Tile Slab",
    "creativeTab": "CustomItems",
    "maxStackSize": 32,
    "isOpaque": true,
    "toolClass": "pickaxe",
    "material": "rock",
    "breaks": false,
    "type": "Slab",
    "stepSound": "stone",
    "hardness": 6,
    "resistance": 40,
    "harvestLevel": 0,
    "textureName": "blockMarbleTile"
    },
    {
    "name": "Phyllite Tile Slab",
    "creativeTab": "CustomItems",
    "maxStackSize": 32,
    "isOpaque": true,
    "toolClass": "pickaxe",
    "material": "rock",
    "breaks": false,
    "type": "Slab",
    "stepSound": "stone",
    "hardness": 6,
    "resistance": 40,
    "harvestLevel": 0,
    "textureName": "blockPhylliteTile"
    },
{
    "name": "Quartzite Tile Slab",
    "creativeTab": "CustomItems",
    "maxStackSize": 32,
    "isOpaque": true,
    "toolClass": "pickaxe",
    "material": "rock",
    "breaks": false,
    "type": "Slab",
    "stepSound": "stone",
    "hardness": 6,
    "resistance": 40,
    "harvestLevel": 0,
    "textureName": "blockQuartziteTile"
    },
{
    "name": "Rhyolite Tile Slab",
    "creativeTab": "CustomItems",
    "maxStackSize": 32,
    "isOpaque": true,
    "toolClass": "pickaxe",
    "material": "rock",
    "breaks": false,
    "type": "Slab",
    "stepSound": "stone",
    "hardness": 6,
    "resistance": 40,
    "harvestLevel": 0,
    "textureName": "blockRhyoliteTile"
    },
{
    "name": "Rock Salt Tile Slab",
    "creativeTab": "CustomItems",
    "maxStackSize": 32,
    "isOpaque": true,
    "toolClass": "pickaxe",
    "material": "rock",
    "breaks": false,
    "type": "Slab",
    "stepSound": "stone",
    "hardness": 6,
    "resistance": 40,
    "harvestLevel": 0,
    "textureName": "blockRockSaltTile"
    },
{
    "name": "Schist Tile Slab",
    "creativeTab": "CustomItems",
    "maxStackSize": 32,
    "isOpaque": true,
    "toolClass": "pickaxe",
    "material": "rock",
    "breaks": false,
    "type": "Slab",
    "stepSound": "stone",
    "hardness": 6,
    "resistance": 40,
    "harvestLevel": 0,
    "textureName": "blockSchistTile"
    },
{
    "name": "Shale Tile Slab",
    "creativeTab": "CustomItems",
    "maxStackSize": 32,
    "isOpaque": true,
    "toolClass": "pickaxe",
    "material": "rock",
    "breaks": false,
    "type": "Slab",
    "stepSound": "stone",
    "hardness": 6,
    "resistance": 40,
    "harvestLevel": 0,
    "textureName": "blockShaleTile"
    },
{
    "name": "Slate Tile Slab",
    "creativeTab": "CustomItems",
    "maxStackSize": 32,
    "isOpaque": true,
    "toolClass": "pickaxe",
    "material": "rock",
    "breaks": false,
    "type": "Slab",
    "stepSound": "stone",
    "hardness": 6,
    "resistance": 40,
    "harvestLevel": 0,
    "textureName": "blockSlateTile"
    }
  ]
}