{
  "blocks":
  [
    {
    "name": "Andesite Tile",
    "creativeTab": "CustomItems",
    "maxStackSize": 32,
    "isOpaque": true,
    "toolClass": "pickaxe",
    "material": "rock",
    "breaks": false,
    "type": "Normal",
    "stepSound": "stone",
    "hardness": 6,
    "resistance": 40,
    "harvestLevel": 0,
    "textureName": "blockAndesiteTile"
    },
      {
    "name": "Basalt Tile",
    "creativeTab": "CustomItems",
    "maxStackSize": 32,
    "isOpaque": true,
    "toolClass": "pickaxe",
    "material": "rock",
    "breaks": false,
    "type": "Normal",
    "stepSound": "stone",
    "hardness": 6,
    "resistance": 40,
    "harvestLevel": 0,
    "textureName": "blockBasaltTile"
    },
    {
    "name": "Chalk Tile",
    "creativeTab": "CustomItems",
    "maxStackSize": 32,
    "isOpaque": true,
    "toolClass": "pickaxe",
    "material": "rock",
    "breaks": false,
    "type": "Normal",
    "stepSound": "stone",
    "hardness": 6,
    "resistance": 40,
    "harvestLevel": 0,
    "textureName": "blockChalkTile"
    },
      {
    "name": "Chert Tile",
    "creativeTab": "CustomItems",
    "maxStackSize": 32,
    "isOpaque": true,
    "toolClass": "pickaxe",
    "material": "rock",
    "breaks": false,
    "type": "Normal",
    "stepSound": "stone",
    "hardness": 6,
    "resistance": 40,
    "harvestLevel": 0,
    "textureName": "blockChertTile"
    },
    {
    "name": "Claystone Tile",
    "creativeTab": "CustomItems",
    "maxStackSize": 32,
    "isOpaque": true,
    "toolClass": "pickaxe",
    "material": "rock",
    "breaks": false,
    "type": "Normal",
    "stepSound": "stone",
    "hardness": 6,
    "resistance": 40,
    "harvestLevel": 0,
    "textureName": "blockClaystoneTile"
    },
      {
    "name": "Conglomerate Tile",
    "creativeTab": "CustomItems",
    "maxStackSize": 32,
    "isOpaque": true,
    "toolClass": "pickaxe",
    "material": "rock",
    "breaks": false,
    "type": "Normal",
    "stepSound": "stone",
    "hardness": 6,
    "resistance": 40,
    "harvestLevel": 0,
    "textureName": "blockConglomerateTile"
    },
    {
    "name": "Dacite Tile",
    "creativeTab": "CustomItems",
    "maxStackSize": 32,
    "isOpaque": true,
    "toolClass": "pickaxe",
    "material": "rock",
    "breaks": false,
    "type": "Normal",
    "stepSound": "stone",
    "hardness": 6,
    "resistance": 40,
    "harvestLevel": 0,
    "textureName": "blockDaciteTile"
    },
      {
    "name": "Diorite Tile",
    "creativeTab": "CustomItems",
    "maxStackSize": 32,
    "isOpaque": true,
    "toolClass": "pickaxe",
    "material": "rock",
    "breaks": false,
    "type": "Normal",
    "stepSound": "stone",
    "hardness": 6,
    "resistance": 40,
    "harvestLevel": 0,
    "textureName": "blockDioriteTile"
    },
    {
    "name": "Dolomite Tile",
    "creativeTab": "CustomItems",
    "maxStackSize": 32,
    "isOpaque": true,
    "toolClass": "pickaxe",
    "material": "rock",
    "breaks": false,
    "type": "Normal",
    "stepSound": "stone",
    "hardness": 6,
    "resistance": 40,
    "harvestLevel": 0,
    "textureName": "blockDolomiteTile"
    },
      {
    "name": "Gabbro Tile",
    "creativeTab": "CustomItems",
    "maxStackSize": 32,
    "isOpaque": true,
    "toolClass": "pickaxe",
    "material": "rock",
    "breaks": false,
    "type": "Normal",
    "stepSound": "stone",
    "hardness": 6,
    "resistance": 40,
    "harvestLevel": 0,
    "textureName": "blockGabbroTile"
    },
    {
    "name": "Gneiss Tile",
    "creativeTab": "CustomItems",
    "maxStackSize": 32,
    "isOpaque": true,
    "toolClass": "pickaxe",
    "material": "rock",
    "breaks": false,
    "type": "Normal",
    "stepSound": "stone",
    "hardness": 6,
    "resistance": 40,
    "harvestLevel": 0,
    "textureName": "blockGneissTile"
    },
      {
    "name": "Granite Tile",
    "creativeTab": "CustomItems",
    "maxStackSize": 32,
    "isOpaque": true,
    "toolClass": "pickaxe",
    "material": "rock",
    "breaks": false,
    "type": "Normal",
    "stepSound": "stone",
    "hardness": 6,
    "resistance": 40,
    "harvestLevel": 0,
    "textureName": "blockGraniteTile"
    },
      {
    "name": "Limestone Tile",
    "creativeTab": "CustomItems",
    "maxStackSize": 32,
    "isOpaque": true,
    "toolClass": "pickaxe",
    "material": "rock",
    "breaks": false,
    "type": "Normal",
    "stepSound": "stone",
    "hardness": 6,
    "resistance": 40,
    "harvestLevel": 0,
    "textureName": "blockLimestoneTile"
    },
    {
    "name": "Marble Tile",
    "creativeTab": "CustomItems",
    "maxStackSize": 32,
    "isOpaque": true,
    "toolClass": "pickaxe",
    "material": "rock",
    "breaks": false,
    "type": "Normal",
    "stepSound": "stone",
    "hardness": 6,
    "resistance": 40,
    "harvestLevel": 0,
    "textureName": "blockMarbleTile"
    },
    {
    "name": "Phyllite Tile",
    "creativeTab": "CustomItems",
    "maxStackSize": 32,
    "isOpaque": true,
    "toolClass": "pickaxe",
    "material": "rock",
    "breaks": false,
    "type": "Normal",
    "stepSound": "stone",
    "hardness": 6,
    "resistance": 40,
    "harvestLevel": 0,
    "textureName": "blockPhylliteTile"
    },
{
    "name": "Quartzite Tile",
    "creativeTab": "CustomItems",
    "maxStackSize": 32,
    "isOpaque": true,
    "toolClass": "pickaxe",
    "material": "rock",
    "breaks": false,
    "type": "Normal",
    "stepSound": "stone",
    "hardness": 6,
    "resistance": 40,
    "harvestLevel": 0,
    "textureName": "blockQuartziteTile"
    },
{
    "name": "Rhyolite Tile",
    "creativeTab": "CustomItems",
    "maxStackSize": 32,
    "isOpaque": true,
    "toolClass": "pickaxe",
    "material": "rock",
    "breaks": false,
    "type": "Normal",
    "stepSound": "stone",
    "hardness": 6,
    "resistance": 40,
    "harvestLevel": 0,
    "textureName": "blockRhyoliteTile"
    },
{
    "name": "Rock Salt Tile",
    "creativeTab": "CustomItems",
    "maxStackSize": 32,
    "isOpaque": true,
    "toolClass": "pickaxe",
    "material": "rock",
    "breaks": false,
    "type": "Normal",
    "stepSound": "stone",
    "hardness": 6,
    "resistance": 40,
    "harvestLevel": 0,
    "textureName": "blockRockSaltTile"
    },
{
    "name": "Schist Tile",
    "creativeTab": "CustomItems",
    "maxStackSize": 32,
    "isOpaque": true,
    "toolClass": "pickaxe",
    "material": "rock",
    "breaks": false,
    "type": "Normal",
    "stepSound": "stone",
    "hardness": 6,
    "resistance": 40,
    "harvestLevel": 0,
    "textureName": "blockSchistTile"
    },
{
    "name": "Shale Tile",
    "creativeTab": "CustomItems",
    "maxStackSize": 32,
    "isOpaque": true,
    "toolClass": "pickaxe",
    "material": "rock",
    "breaks": false,
    "type": "Normal",
    "stepSound": "stone",
    "hardness": 6,
    "resistance": 40,
    "harvestLevel": 0,
    "textureName": "blockShaleTile"
    },
{
    "name": "Slate Tile",
    "creativeTab": "CustomItems",
    "maxStackSize": 32,
    "isOpaque": true,
    "toolClass": "pickaxe",
    "material": "rock",
    "breaks": false,
    "type": "Normal",
    "stepSound": "stone",
    "hardness": 6,
    "resistance": 40,
    "harvestLevel": 0,
    "textureName": "blockSlateTile"
    }
  ]
}