{
  "blocks":
  [
    {
    "name": "White Stained Clay Paver Stairs",
    "creativeTab": "CustomItems",
    "textureName": "blockHardenedClayPaverWhite",
    "maxStackSize": 32,
    "isOpaque": true,
    "toolClass": "pickaxe",
    "material": "clay",
    "breaks": false,
    "type": "Stairs",
    "stepSound": "stone",
    "hardness": 1.25,
    "resistance": 30,
    "harvestLevel": 0
    },
    {
    "name": "Orange Stained Clay Paver Stairs",
    "creativeTab": "CustomItems",
    "textureName": "blockHardenedClayPaverOrange",
    "maxStackSize": 32,
    "isOpaque": true,
    "toolClass": "pickaxe",
    "material": "clay",
    "breaks": false,
    "type": "Stairs",
    "stepSound": "stone",
    "hardness": 1.25,
    "resistance": 30,
    "harvestLevel": 0
    },
      {
    "name": "Magenta Stained Clay Paver Stairs",
    "creativeTab": "CustomItems",
    "textureName": "blockHardenedClayPaverMagenta",
    "maxStackSize": 32,
    "isOpaque": true,
    "toolClass": "pickaxe",
    "material": "clay",
    "breaks": false,
    "type": "Stairs",
    "stepSound": "stone",
    "hardness": 1.25,
    "resistance": 30,
    "harvestLevel": 0
    },
    {
    "name": "Light Blue Stained Clay Paver Stairs",
    "creativeTab": "CustomItems",
    "textureName": "blockHardenedClayPaverLightBlue",
    "maxStackSize": 32,
    "isOpaque": true,
    "toolClass": "pickaxe",
    "material": "clay",
    "breaks": false,
    "type": "Stairs",
    "stepSound": "stone",
    "hardness": 1.25,
    "resistance": 30,
    "harvestLevel": 0
    },
      {
    "name": "Yellow Stained Clay Paver Stairs",
    "creativeTab": "CustomItems",
    "textureName": "blockHardenedClayPaverYellow",
    "maxStackSize": 32,
    "isOpaque": true,
    "toolClass": "pickaxe",
    "material": "clay",
    "breaks": false,
    "type": "Stairs",
    "stepSound": "stone",
    "hardness": 1.25,
    "resistance": 30,
    "harvestLevel": 0
    },
    {
    "name": "Lime Stained Clay Paver Stairs",
    "creativeTab": "CustomItems",
    "textureName": "blockHardenedClayPaverLime",
    "maxStackSize": 32,
    "isOpaque": true,
    "toolClass": "pickaxe",
    "material": "clay",
    "breaks": false,
    "type": "Stairs",
    "stepSound": "stone",
    "hardness": 1.25,
    "resistance": 30,
    "harvestLevel": 0
    },
      {
    "name": "Pink Stained Clay Paver Stairs",
    "creativeTab": "CustomItems",
    "textureName": "blockHardenedClayPaverPink",
    "maxStackSize": 32,
    "isOpaque": true,
    "toolClass": "pickaxe",
    "material": "clay",
    "breaks": false,
    "type": "Stairs",
    "stepSound": "stone",
    "hardness": 1.25,
    "resistance": 30,
    "harvestLevel": 0
    },
    {
    "name": "Gray Stained Clay Paver Stairs",
    "creativeTab": "CustomItems",
    "textureName": "blockHardenedClayPaverGray",
    "maxStackSize": 32,
    "isOpaque": true,
    "toolClass": "pickaxe",
    "material": "clay",
    "breaks": false,
    "type": "Stairs",
    "stepSound": "stone",
    "hardness": 1.25,
    "resistance": 30,
    "harvestLevel": 0
    },
      {
    "name": "Light Gray Stained Clay Paver Stairs",
    "creativeTab": "CustomItems",
    "textureName": "blockHardenedClayPaverSilver",
    "maxStackSize": 32,
    "isOpaque": true,
    "toolClass": "pickaxe",
    "material": "clay",
    "breaks": false,
    "type": "Stairs",
    "stepSound": "stone",
    "hardness": 1.25,
    "resistance": 30,
    "harvestLevel": 0
    },
    {
    "name": "Cyan Stained Clay Paver Stairs",
    "creativeTab": "CustomItems",
    "textureName": "blockHardenedClayPaverCyan",
    "maxStackSize": 32,
    "isOpaque": true,
    "toolClass": "pickaxe",
    "material": "clay",
    "breaks": false,
    "type": "Stairs",
    "stepSound": "stone",
    "hardness": 1.25,
    "resistance": 30,
    "harvestLevel": 0
    },
      {
    "name": "Purple Stained Clay Paver Stairs",
    "creativeTab": "CustomItems",
    "textureName": "blockHardenedClayPaverPurple",
    "maxStackSize": 32,
    "isOpaque": true,
    "toolClass": "pickaxe",
    "material": "clay",
    "breaks": false,
    "type": "Stairs",
    "stepSound": "stone",
    "hardness": 1.25,
    "resistance": 30,
    "harvestLevel": 0
    },
    {
    "name": "Blue Stained Clay Paver Stairs",
    "creativeTab": "CustomItems",
    "textureName": "blockHardenedClayPaverBlue",
    "maxStackSize": 32,
    "isOpaque": true,
    "toolClass": "pickaxe",
    "material": "clay",
    "breaks": false,
    "type": "Stairs",
    "stepSound": "stone",
    "hardness": 1.25,
    "resistance": 30,
    "harvestLevel": 0
    },
      {
    "name": "Brown Stained Clay Paver Stairs",
    "creativeTab": "CustomItems",
    "textureName": "blockHardenedClayPaverBrown",
    "maxStackSize": 32,
    "isOpaque": true,
    "toolClass": "pickaxe",
    "material": "clay",
    "breaks": false,
    "type": "Stairs",
    "stepSound": "stone",
    "hardness": 1.25,
    "resistance": 30,
    "harvestLevel": 0
    },
    {
    "name": "Green Stained Clay Paver Stairs",
    "creativeTab": "CustomItems",
    "textureName": "blockHardenedClayPaverGreen",
    "maxStackSize": 32,
    "isOpaque": true,
    "toolClass": "pickaxe",
    "material": "clay",
    "breaks": false,
    "type": "Stairs",
    "stepSound": "stone",
    "hardness": 1.25,
    "resistance": 30,
    "harvestLevel": 0
    },
      {
    "name": "Red Stained Clay Paver Stairs",
    "creativeTab": "CustomItems",
    "textureName": "blockHardenedClayPaverRed",
    "maxStackSize": 32,
    "isOpaque": true,
    "toolClass": "pickaxe",
    "material": "clay",
    "breaks": false,
    "type": "Stairs",
    "stepSound": "stone",
    "hardness": 1.25,
    "resistance": 30,
    "harvestLevel": 0
    },
    {
    "name": "Black Stained Clay Paver Stairs",
    "creativeTab": "CustomItems",
    "textureName": "blockHardenedClayPaverBlack",
    "maxStackSize": 32,
    "isOpaque": true,
    "toolClass": "pickaxe",
    "material": "clay",
    "breaks": false,
    "type": "Stairs",
    "stepSound": "stone",
    "hardness": 1.25,
    "resistance": 30,
    "harvestLevel": 0
    },
    {
    "name": "Hardened Clay Paver Stairs",
    "creativeTab": "CustomItems",
    "textureName": "blockHardenedClayPaver",
    "maxStackSize": 32,
    "isOpaque": true,
    "toolClass": "pickaxe",
    "material": "clay",
    "breaks": false,
    "type": "Stairs",
    "stepSound": "stone",
    "hardness": 1.25,
    "resistance": 30,
    "harvestLevel": 0
    }
  ]
}