{
  "blocks":
  [
    {
    "name": "White Stained Clay Tile Stairs",
    "creativeTab": "CustomItems",
    "textureName": "blockHardenedClayTileWhite",
    "maxStackSize": 32,
    "isOpaque": true,
    "toolClass": "pickaxe",
    "material": "clay",
    "breaks": false,
    "type": "Stairs",
    "stepSound": "stone",
    "hardness": 1.25,
    "resistance": 30,
    "harvestLevel": 0
    },
    {
    "name": "Orange Stained Clay Tile Stairs",
    "creativeTab": "CustomItems",
    "textureName": "blockHardenedClayTileOrange",
    "maxStackSize": 32,
    "isOpaque": true,
    "toolClass": "pickaxe",
    "material": "clay",
    "breaks": false,
    "type": "Stairs",
    "stepSound": "stone",
    "hardness": 1.25,
    "resistance": 30,
    "harvestLevel": 0
    },
      {
    "name": "Magenta Stained Clay Tile Stairs",
    "creativeTab": "CustomItems",
    "textureName": "blockHardenedClayTileMagenta",
    "maxStackSize": 32,
    "isOpaque": true,
    "toolClass": "pickaxe",
    "material": "clay",
    "breaks": false,
    "type": "Stairs",
    "stepSound": "stone",
    "hardness": 1.25,
    "resistance": 30,
    "harvestLevel": 0
    },
    {
    "name": "Light Blue Stained Clay Tile Stairs",
    "creativeTab": "CustomItems",
    "textureName": "blockHardenedClayTileLightBlue",
    "maxStackSize": 32,
    "isOpaque": true,
    "toolClass": "pickaxe",
    "material": "clay",
    "breaks": false,
    "type": "Stairs",
    "stepSound": "stone",
    "hardness": 1.25,
    "resistance": 30,
    "harvestLevel": 0
    },
      {
    "name": "Yellow Stained Clay Tile Stairs",
    "creativeTab": "CustomItems",
    "textureName": "blockHardenedClayTileYellow",
    "maxStackSize": 32,
    "isOpaque": true,
    "toolClass": "pickaxe",
    "material": "clay",
    "breaks": false,
    "type": "Stairs",
    "stepSound": "stone",
    "hardness": 1.25,
    "resistance": 30,
    "harvestLevel": 0
    },
    {
    "name": "Lime Stained Clay Tile Stairs",
    "creativeTab": "CustomItems",
    "textureName": "blockHardenedClayTileLime",
    "maxStackSize": 32,
    "isOpaque": true,
    "toolClass": "pickaxe",
    "material": "clay",
    "breaks": false,
    "type": "Stairs",
    "stepSound": "stone",
    "hardness": 1.25,
    "resistance": 30,
    "harvestLevel": 0
    },
      {
    "name": "Pink Stained Clay Tile Stairs",
    "creativeTab": "CustomItems",
    "textureName": "blockHardenedClayTilePink",
    "maxStackSize": 32,
    "isOpaque": true,
    "toolClass": "pickaxe",
    "material": "clay",
    "breaks": false,
    "type": "Stairs",
    "stepSound": "stone",
    "hardness": 1.25,
    "resistance": 30,
    "harvestLevel": 0
    },
    {
    "name": "Gray Stained Clay Tile Stairs",
    "creativeTab": "CustomItems",
    "textureName": "blockHardenedClayTileGray",
    "maxStackSize": 32,
    "isOpaque": true,
    "toolClass": "pickaxe",
    "material": "clay",
    "breaks": false,
    "type": "Stairs",
    "stepSound": "stone",
    "hardness": 1.25,
    "resistance": 30,
    "harvestLevel": 0
    },
      {
    "name": "Light Gray Stained Clay Tile Stairs",
    "creativeTab": "CustomItems",
    "textureName": "blockHardenedClayTileSilver",
    "maxStackSize": 32,
    "isOpaque": true,
    "toolClass": "pickaxe",
    "material": "clay",
    "breaks": false,
    "type": "Stairs",
    "stepSound": "stone",
    "hardness": 1.25,
    "resistance": 30,
    "harvestLevel": 0
    },
    {
    "name": "Cyan Stained Clay Tile Stairs",
    "creativeTab": "CustomItems",
    "textureName": "blockHardenedClayTileCyan",
    "maxStackSize": 32,
    "isOpaque": true,
    "toolClass": "pickaxe",
    "material": "clay",
    "breaks": false,
    "type": "Stairs",
    "stepSound": "stone",
    "hardness": 1.25,
    "resistance": 30,
    "harvestLevel": 0
    },
      {
    "name": "Purple Stained Clay Tile Stairs",
    "creativeTab": "CustomItems",
    "textureName": "blockHardenedClayTilePurple",
    "maxStackSize": 32,
    "isOpaque": true,
    "toolClass": "pickaxe",
    "material": "clay",
    "breaks": false,
    "type": "Stairs",
    "stepSound": "stone",
    "hardness": 1.25,
    "resistance": 30,
    "harvestLevel": 0
    },
    {
    "name": "Blue Stained Clay Tile Stairs",
    "creativeTab": "CustomItems",
    "textureName": "blockHardenedClayTileBlue",
    "maxStackSize": 32,
    "isOpaque": true,
    "toolClass": "pickaxe",
    "material": "clay",
    "breaks": false,
    "type": "Stairs",
    "stepSound": "stone",
    "hardness": 1.25,
    "resistance": 30,
    "harvestLevel": 0
    },
      {
    "name": "Brown Stained Clay Tile Stairs",
    "creativeTab": "CustomItems",
    "textureName": "blockHardenedClayTileBrown",
    "maxStackSize": 32,
    "isOpaque": true,
    "toolClass": "pickaxe",
    "material": "clay",
    "breaks": false,
    "type": "Stairs",
    "stepSound": "stone",
    "hardness": 1.25,
    "resistance": 30,
    "harvestLevel": 0
    },
    {
    "name": "Green Stained Clay Tile Stairs",
    "creativeTab": "CustomItems",
    "textureName": "blockHardenedClayTileGreen",
    "maxStackSize": 32,
    "isOpaque": true,
    "toolClass": "pickaxe",
    "material": "clay",
    "breaks": false,
    "type": "Stairs",
    "stepSound": "stone",
    "hardness": 1.25,
    "resistance": 30,
    "harvestLevel": 0
    },
      {
    "name": "Red Stained Clay Tile Stairs",
    "creativeTab": "CustomItems",
    "textureName": "blockHardenedClayTileRed",
    "maxStackSize": 32,
    "isOpaque": true,
    "toolClass": "pickaxe",
    "material": "clay",
    "breaks": false,
    "type": "Stairs",
    "stepSound": "stone",
    "hardness": 1.25,
    "resistance": 30,
    "harvestLevel": 0
    },
    {
    "name": "Black Stained Clay Tile Stairs",
    "creativeTab": "CustomItems",
    "textureName": "blockHardenedClayTileBlack",
    "maxStackSize": 32,
    "isOpaque": true,
    "toolClass": "pickaxe",
    "material": "clay",
    "breaks": false,
    "type": "Stairs",
    "stepSound": "stone",
    "hardness": 1.25,
    "resistance": 30,
    "harvestLevel": 0
    },
    {
    "name": "Hardened Clay Tile Stairs",
    "creativeTab": "CustomItems",
    "textureName": "blockHardenedClayTile",
    "maxStackSize": 32,
    "isOpaque": true,
    "toolClass": "pickaxe",
    "material": "clay",
    "breaks": false,
    "type": "Stairs",
    "stepSound": "stone",
    "hardness": 1.25,
    "resistance": 30,
    "harvestLevel": 0
    }
  ]
}