{
  "_name": "zombieTFC",
  "drops": [
        {
        "function": "if_past_world_time_4319910",
        "functions": [
          {
            "_comment": "add hempseed drop",
            "function": "if_can_see_sky",
            "functions": [
            {
              "function": "if_recently_hit",
              "functions": [
              {
                "function": "add",
                "id": "ImmersiveEngineering:seed",
                "count": 0.1
              },
              {
                "function": "add",
                "id": "ImmersiveEngineering:seed",
                "count": 0.03
              }
              ]
            }  
            ]
          }
          
        ]
        }
  ],
  "pre_stats": [],
  "stats": []
}